{"cameraMode":{"drawMode":0,"name":"Shaded","section":"Shading Mode"},"sceneLighting":true,"audioPlay":false,"sceneViewState":{"m_AlwaysRefresh":false,"showFog":true,"showSkybox":true,"showFlares":true,"showImageEffects":true,"showParticleSystems":true,"showVisualEffectGraphs":true,"m_FxEnabled":true},"in2DMode":false,"pivot":{"x":1.989511251449585,"y":-0.5724536180496216,"z":2.5602800846099855},"rotation":{"x":0.11847744882106781,"y":0.2987349033355713,"z":-0.03728175908327103,"w":0.9465044140815735},"size":2.468263864517212,"orthographic":false}