{"cameraMode":{"drawMode":0,"name":"Shaded","section":"Shading Mode"},"sceneLighting":true,"audioPlay":false,"sceneViewState":{"m_AlwaysRefresh":false,"showFog":true,"showSkybox":true,"showFlares":true,"showImageEffects":true,"showParticleSystems":true,"showVisualEffectGraphs":true,"m_FxEnabled":true},"in2DMode":false,"pivot":{"x":1.5062401294708253,"y":0.004596352577209473,"z":-1.1236133575439454},"rotation":{"x":-0.03862425312399864,"y":-0.8682129979133606,"z":0.06768464297056198,"w":-0.4904273748397827},"size":1.6835992336273194,"orthographic":false}