{"cameraMode":{"drawMode":0,"name":"Shaded","section":"Shading Mode"},"sceneLighting":true,"audioPlay":false,"sceneViewState":{"m_AlwaysRefresh":false,"showFog":true,"showSkybox":true,"showFlares":true,"showImageEffects":true,"showParticleSystems":true,"showVisualEffectGraphs":true,"m_FxEnabled":true},"in2DMode":false,"pivot":{"x":-1.2096433639526368,"y":0.36962682008743288,"z":-0.7323386073112488},"rotation":{"x":-0.15606698393821717,"y":0.6093583703041077,"z":-0.1245531216263771,"w":-0.7675577402114868},"size":0.19731050729751588,"orthographic":false}