{"cameraMode":{"drawMode":0,"name":"Shaded","section":"Shading Mode"},"sceneLighting":true,"audioPlay":false,"sceneViewState":{"m_AlwaysRefresh":false,"showFog":true,"showSkybox":true,"showFlares":true,"showImageEffects":true,"showParticleSystems":true,"showVisualEffectGraphs":true,"m_FxEnabled":true},"in2DMode":false,"pivot":{"x":-0.10222452878952027,"y":0.15874016284942628,"z":0.05074077472090721},"rotation":{"x":0.30287763476371767,"y":0.6536910533905029,"z":-0.32160213589668276,"w":0.6146971583366394},"size":0.7914727330207825,"orthographic":false}